index,tile_name,path,neighbors,best_local_overlap_frac,mean_local_overlap_frac,best_pair_strength,mean_pair_strength,total_pair_strength,radial_distance_deg,center_x_deg,center_y_deg,area_sqdeg,width_deg,height_deg,pixel_scale_arcsec,pa_deg,filter,exposure_s,date_obs,stack_count,is_isolated,is_low_neighbor,is_low_best_overlap,is_peripheral
0,master_tile_000.fits,C:\Users\TRISTAN\Desktop\astrophoto\andromeda\out\4-5-0\zemosaic_temp_master_tiles\master_tile_000.fits,55,0.923183,0.281724,0.730159,0.208469,11.465819,1.109871,0.111805,1.104225,0.42901235,0.437798,1.019451,2.373311,269.2194,IRCUT,,2025-09-02T09:48:03.433975,,0,0,0,0
1,master_tile_001.fits,C:\Users\TRISTAN\Desktop\astrophoto\andromeda\out\4-5-0\zemosaic_temp_master_tiles\master_tile_001.fits,54,0.920875,0.315164,0.711725,0.241640,13.048580,0.842988,0.373356,-0.755801,0.41728518,0.442125,1.026443,2.374066,268.2601,IRCUT,,2025-07-04T07:49:00.998930,,0,0,0,0
2,master_tile_002.fits,C:\Users\TRISTAN\Desktop\astrophoto\andromeda\out\4-5-0\zemosaic_temp_master_tiles\master_tile_002.fits,50,0.919854,0.312036,0.676078,0.234949,11.747465,0.899496,-0.377685,0.816362,0.42754743,0.448485,1.024817,2.374160,268.5125,IRCUT,,2025-07-04T08:29:10.539528,,0,0,0,0
3,master_tile_003.fits,C:\Users\TRISTAN\Desktop\astrophoto\andromeda\out\4-5-0\zemosaic_temp_master_tiles\master_tile_003.fits,46,0.884609,0.345128,0.704879,0.256334,11.791385,0.960669,-0.517301,0.809497,0.42727810,0.447810,1.024513,2.373833,268.5399,IRCUT,,2025-07-04T08:31:58.300441,,0,1,0,0
4,master_tile_004.fits,C:\Users\TRISTAN\Desktop\astrophoto\andromeda\out\4-5-0\zemosaic_temp_master_tiles\master_tile_004.fits,47,0.817518,0.287889,0.699887,0.203115,9.546391,1.110473,-0.158361,-1.099124,0.41518018,0.434336,1.024296,2.374122,268.5730,IRCUT,,2025-07-04T08:40:21.140473,,0,0,0,0
5,master_tile_005.fits,C:\Users\TRISTAN\Desktop\astrophoto\andromeda\out\4-5-0\zemosaic_temp_master_tiles\master_tile_005.fits,60,0.863243,0.322796,0.687938,0.226534,13.592028,0.885077,-0.884197,-0.039449,0.42169200,0.455593,1.029614,2.373817,267.8164,IRCUT,,2025-07-05T07:35:18.133524,,0,0,0,0
6,master_tile_006.fits,C:\Users\TRISTAN\Desktop\astrophoto\andromeda\out\4-5-0\zemosaic_temp_master_tiles\master_tile_006.fits,21,0.981529,0.459219,0.701851,0.335308,7.041461,1.287663,-1.222523,-0.404368,0.41904794,0.431880,1.021172,2.373009,268.9561,IRCUT,,2025-08-27T09:50:00.702521,,0,1,0,1
7,master_tile_007.fits,C:\Users\TRISTAN\Desktop\astrophoto\andromeda\out\4-5-0\zemosaic_temp_master_tiles\master_tile_007.fits,9,0.841813,0.439937,0.575819,0.300254,2.702287,1.384966,1.295784,0.488953,0.42492736,0.438242,1.021162,2.373228,268.9507,IRCUT,,2025-08-27T09:55:59.331845,,0,1,0,1
8,master_tile_008.fits,C:\Users\TRISTAN\Desktop\astrophoto\andromeda\out\4-5-0\zemosaic_temp_master_tiles\master_tile_008.fits,36,0.904930,0.316912,0.633313,0.228663,8.231854,1.278385,-1.087997,-0.671215,0.41673613,0.431126,1.019632,2.373351,268.8950,IRCUT,,2025-08-27T11:00:44.843904,,0,1,0,1
9,master_tile_009.fits,C:\Users\TRISTAN\Desktop\astrophoto\andromeda\out\4-5-0\zemosaic_temp_master_tiles\master_tile_009.fits,86,1.000000,0.272650,0.696587,0.203089,17.465644,0.084531,0.084061,-0.008907,0.42198692,0.432421,1.020499,2.373975,269.0834,IRCUT,,2025-07-24T08:46:43.900686,,0,0,0,0
10,master_tile_010.fits,C:\Users\TRISTAN\Desktop\astrophoto\andromeda\out\4-5-0\zemosaic_temp_master_tiles\master_tile_010.fits,11,0.813777,0.403291,0.532984,0.293913,3.233041,1.528408,-1.431972,-0.534310,0.41946054,0.418834,1.017437,2.376322,269.6653,IRCUT,,2025-11-18T00:32:52.675327,,0,1,0,1
11,master_tile_011.fits,C:\Users\TRISTAN\Desktop\astrophoto\andromeda\out\4-5-0\zemosaic_temp_master_tiles\master_tile_011.fits,47,0.994156,0.283994,0.706610,0.214633,10.087738,0.913545,0.520632,-0.750670,0.41539878,0.440139,1.026349,2.374299,268.2506,IRCUT,,2025-07-04T07:50:03.818961,,0,0,0,0
12,master_tile_012.fits,C:\Users\TRISTAN\Desktop\astrophoto\andromeda\out\4-5-0\zemosaic_temp_master_tiles\master_tile_012.fits,22,0.905881,0.358338,0.870044,0.337869,7.433109,1.208970,1.114465,0.468591,0.59664793,0.534123,1.192386,2.373261,268.5964,IRCUT,,2025-09-02T12:15:59.025408,,0,1,0,0
13,master_tile_013.fits,C:\Users\TRISTAN\Desktop\astrophoto\andromeda\out\4-5-0\zemosaic_temp_master_tiles\master_tile_013.fits,49,0.973473,0.286913,0.759388,0.273809,13.416629,1.323066,-0.662504,-1.145248,0.60466594,0.497408,1.227883,2.372039,270.1422,IRCUT,,2025-11-19T21:22:27.447481,,0,0,0,1
14,master_tile_014.fits,C:\Users\TRISTAN\Desktop\astrophoto\andromeda\out\4-5-0\zemosaic_temp_master_tiles\master_tile_014.fits,95,0.853775,0.282206,0.792421,0.247530,23.515316,0.236518,0.169209,-0.165254,0.50738317,0.513225,1.020034,2.372861,269.2719,IRCUT,,2025-09-02T09:18:20.226504,,0,0,0,0
15,master_tile_015.fits,C:\Users\TRISTAN\Desktop\astrophoto\andromeda\out\4-5-0\zemosaic_temp_master_tiles\master_tile_015.fits,57,0.978894,0.277677,0.706610,0.243898,13.902178,0.819132,0.552742,-0.604527,0.50446990,0.530543,1.030139,2.374211,268.1272,IRCUT,,2025-07-04T07:17:14.772579,,0,0,0,0
16,master_tile_016.fits,C:\Users\TRISTAN\Desktop\astrophoto\andromeda\out\4-5-0\zemosaic_temp_master_tiles\master_tile_016.fits,62,0.906239,0.295269,0.809957,0.259945,16.116613,0.774815,0.122104,-0.765134,0.50321293,0.526220,1.028525,2.374112,268.2812,IRCUT,,2025-07-04T07:46:55.366146,,0,0,0,0
17,master_tile_017.fits,C:\Users\TRISTAN\Desktop\astrophoto\andromeda\out\4-5-0\zemosaic_temp_master_tiles\master_tile_017.fits,64,0.731951,0.242434,0.731951,0.232245,14.863695,0.897091,0.074498,-0.893992,0.60646896,0.500061,1.228085,2.370908,269.7014,IRCUT,,2025-11-17T21:38:48.908766,,0,0,1,0
18,master_tile_018.fits,C:\Users\TRISTAN\Desktop\astrophoto\andromeda\out\4-5-0\zemosaic_temp_master_tiles\master_tile_018.fits,61,0.980838,0.255452,0.832695,0.224943,13.721496,0.864726,-0.258394,0.825217,0.51557592,0.536176,1.027489,2.374036,268.4369,IRCUT,,2025-07-04T08:26:43.724149,,0,0,0,0
19,master_tile_019.fits,C:\Users\TRISTAN\Desktop\astrophoto\andromeda\out\4-5-0\zemosaic_temp_master_tiles\master_tile_019.fits,50,0.811190,0.338769,0.747827,0.282459,14.122974,1.194134,-0.535363,-1.067399,0.50145186,0.508262,1.021824,2.375032,269.1824,IRCUT,,2025-11-18T21:11:13.438778,,0,0,0,0
20,master_tile_020.fits,C:\Users\TRISTAN\Desktop\astrophoto\andromeda\out\4-5-0\zemosaic_temp_master_tiles\master_tile_020.fits,68,0.965994,0.364243,0.828465,0.303572,20.642922,0.788614,-0.612722,-0.496472,0.50524012,0.504167,1.016905,2.374235,269.6834,IRCUT,,2025-08-21T10:05:05.566165,,0,0,0,0
21,master_tile_021.fits,C:\Users\TRISTAN\Desktop\astrophoto\andromeda\out\4-5-0\zemosaic_temp_master_tiles\master_tile_021.fits,70,0.877620,0.290493,0.828699,0.254581,17.820657,0.640233,0.085418,-0.634509,0.50411058,0.503135,1.017160,2.374122,269.6689,IRCUT,,2025-08-21T10:13:32.119777,,0,0,0,0
22,master_tile_022.fits,C:\Users\TRISTAN\Desktop\astrophoto\andromeda\out\4-5-0\zemosaic_temp_master_tiles\master_tile_022.fits,66,0.832496,0.315091,0.688918,0.230939,15.241947,0.717158,0.715769,-0.044613,0.42213217,0.423065,1.017593,2.373959,269.6501,IRCUT,,2025-08-21T11:01:20.197960,,0,0,0,0
23,master_tile_023.fits,C:\Users\TRISTAN\Desktop\astrophoto\andromeda\out\4-5-0\zemosaic_temp_master_tiles\master_tile_023.fits,73,0.767221,0.327082,0.688918,0.280670,20.488901,0.709171,0.697855,0.126185,0.51010871,0.510292,1.017801,2.373923,269.6068,IRCUT,,2025-08-21T11:03:26.997518,,0,0,1,0
24,master_tile_024.fits,C:\Users\TRISTAN\Desktop\astrophoto\andromeda\out\4-5-0\zemosaic_temp_master_tiles\master_tile_024.fits,82,1.000000,0.370323,0.748684,0.279195,22.893959,0.342754,0.288751,-0.184671,0.42068483,0.425578,1.018422,2.373594,270.6244,IRCUT,,2025-08-22T11:08:03.491289,,0,0,0,0
25,master_tile_025.fits,C:\Users\TRISTAN\Desktop\astrophoto\andromeda\out\4-5-0\zemosaic_temp_master_tiles\master_tile_025.fits,52,1.000000,0.330625,0.681924,0.234651,12.201829,1.100612,-0.875438,-0.667050,0.41603297,0.431587,1.017716,2.373375,268.8719,IRCUT,,2025-08-27T10:45:15.524609,,0,0,0,0
26,master_tile_026.fits,C:\Users\TRISTAN\Desktop\astrophoto\andromeda\out\4-5-0\zemosaic_temp_master_tiles\master_tile_026.fits,20,0.973283,0.376183,0.701851,0.320477,6.409531,1.377569,-1.284869,-0.496797,0.50640374,0.423117,1.228074,2.376092,269.5387,IRCUT,,2025-11-17T23:05:32.395939,,0,1,0,1
27,master_tile_027.fits,C:\Users\TRISTAN\Desktop\astrophoto\andromeda\out\4-5-0\zemosaic_temp_master_tiles\master_tile_027.fits,48,0.894941,0.266555,0.863852,0.250845,12.040567,0.947817,0.926577,0.199526,0.59624093,0.528504,1.194754,2.373428,268.7696,IRCUT,,2025-08-27T12:02:22.602281,,0,0,0,0
28,master_tile_028.fits,C:\Users\TRISTAN\Desktop\astrophoto\andromeda\out\4-5-0\zemosaic_temp_master_tiles\master_tile_028.fits,63,0.882572,0.363960,0.787651,0.304796,19.202157,0.743496,-0.713366,0.209511,0.51240879,0.438504,1.234410,2.373750,269.0072,IRCUT,,2025-11-17T20:27:00.194687,,0,0,0,0
29,master_tile_029.fits,C:\Users\TRISTAN\Desktop\astrophoto\andromeda\out\4-5-0\zemosaic_temp_master_tiles\master_tile_029.fits,70,0.832057,0.304421,0.832057,0.290077,20.305388,0.668463,0.274770,-0.609381,0.58923679,0.514480,1.192032,2.374033,269.1711,IRCUT,,2025-10-13T05:49:01.550723,,0,0,0,0
30,master_tile_030.fits,C:\Users\TRISTAN\Desktop\astrophoto\andromeda\out\4-5-0\zemosaic_temp_master_tiles\master_tile_030.fits,86,0.959077,0.359895,0.823533,0.314699,27.064087,0.475726,0.472676,-0.053776,0.50855946,0.517680,1.022136,2.373993,269.0747,IRCUT,,2025-10-13T05:53:15.427245,,0,0,0,0
31,master_tile_031.fits,C:\Users\TRISTAN\Desktop\astrophoto\andromeda\out\4-5-0\zemosaic_temp_master_tiles\master_tile_031.fits,79,0.996734,0.264605,0.696587,0.194751,15.385331,0.153194,0.009053,-0.152926,0.41899319,0.429689,1.020488,2.373988,269.0701,IRCUT,,2025-07-24T08:32:23.156124,,0,0,0,0
32,master_tile_032.fits,C:\Users\TRISTAN\Desktop\astrophoto\andromeda\out\4-5-0\zemosaic_temp_master_tiles\master_tile_032.fits,86,0.883825,0.227751,0.713133,0.197089,16.949638,0.064598,-0.029277,0.057582,0.51127413,0.436446,1.234180,2.374022,269.0924,IRCUT,,2025-07-24T08:41:36.508867,,0,0,0,0
33,master_tile_033.fits,C:\Users\TRISTAN\Desktop\astrophoto\andromeda\out\4-5-0\zemosaic_temp_master_tiles\master_tile_033.fits,73,0.999921,0.350870,0.821530,0.300239,21.917411,0.905629,0.535454,0.730378,0.51377960,0.425113,1.229488,2.373375,269.7107,IRCUT,,2025-08-26T11:27:42.008482,,0,0,0,0
34,master_tile_034.fits,C:\Users\TRISTAN\Desktop\astrophoto\andromeda\out\4-5-0\zemosaic_temp_master_tiles\master_tile_034.fits,72,0.999962,0.312948,0.815016,0.298916,21.521968,0.954505,0.611972,0.732510,0.62287872,0.512882,1.229532,2.373375,269.7395,IRCUT,,2025-08-26T11:28:43.541485,,0,0,0,0
35,master_tile_035.fits,C:\Users\TRISTAN\Desktop\astrophoto\andromeda\out\4-5-0\zemosaic_temp_master_tiles\master_tile_035.fits,52,0.947083,0.339982,0.663218,0.249049,12.950548,0.821108,0.007747,-0.821071,0.41272716,0.413594,1.016349,2.373518,269.6290,IRCUT,,2025-08-26T12:01:33.779149,,0,0,0,0
36,master_tile_036.fits,C:\Users\TRISTAN\Desktop\astrophoto\andromeda\out\4-5-0\zemosaic_temp_master_tiles\master_tile_036.fits,71,0.931516,0.233754,0.814562,0.217590,15.448894,0.743015,-0.232975,0.705545,0.57083957,0.512808,1.127752,2.373430,269.7362,IRCUT,,2025-08-26T11:40:01.251435,,0,0,0,0
37,master_tile_037.fits,C:\Users\TRISTAN\Desktop\astrophoto\andromeda\out\4-5-0\zemosaic_temp_master_tiles\master_tile_037.fits,78,0.754448,0.286473,0.754448,0.283951,22.148162,0.620870,-0.556987,0.274308,0.69902112,0.596056,1.187247,2.374164,269.7206,IRCUT,,2025-08-21T09:55:36.176569,,0,0,1,0
38,master_tile_038.fits,C:\Users\TRISTAN\Desktop\astrophoto\andromeda\out\4-5-0\zemosaic_temp_master_tiles\master_tile_038.fits,80,0.945731,0.304112,0.912520,0.300999,24.079890,0.677427,-0.677416,-0.003965,0.69637311,0.595158,1.188614,2.374041,269.6730,IRCUT,,2025-08-21T10:42:21.138572,,0,0,0,0
39,master_tile_039.fits,C:\Users\TRISTAN\Desktop\astrophoto\andromeda\out\4-5-0\zemosaic_temp_master_tiles\master_tile_039.fits,86,0.735257,0.287175,0.735257,0.284431,24.461088,0.543608,0.394936,-0.373545,0.70380524,0.506845,1.412675,2.374079,269.7002,IRCUT,,2025-08-21T09:27:48.855621,,0,0,1,0
40,master_tile_040.fits,C:\Users\TRISTAN\Desktop\astrophoto\andromeda\out\4-5-0\zemosaic_temp_master_tiles\master_tile_040.fits,66,0.775153,0.279481,0.775153,0.265873,17.547595,0.757190,0.168505,-0.738202,0.58831159,0.503586,1.188083,2.374153,269.6498,IRCUT,,2025-08-21T10:59:34.793944,,0,0,1,0
41,master_tile_041.fits,C:\Users\TRISTAN\Desktop\astrophoto\andromeda\out\4-5-0\zemosaic_temp_master_tiles\master_tile_041.fits,48,0.861580,0.262777,0.861580,0.252214,12.106284,1.073461,-1.068817,-0.099745,0.61366241,0.526207,1.237980,2.373290,268.7715,IRCUT,,2025-09-02T11:22:15.455909,,0,0,0,0
42,master_tile_042.fits,C:\Users\TRISTAN\Desktop\astrophoto\andromeda\out\4-5-0\zemosaic_temp_master_tiles\master_tile_042.fits,19,0.804000,0.344110,0.804000,0.335335,6.371362,1.195066,1.151228,0.320712,0.61889952,0.529186,1.237521,2.373171,268.8545,IRCUT,,2025-08-27T11:05:41.508683,,0,1,0,0
43,master_tile_043.fits,C:\Users\TRISTAN\Desktop\astrophoto\andromeda\out\4-5-0\zemosaic_temp_master_tiles\master_tile_043.fits,53,0.863852,0.285153,0.863852,0.273713,14.506774,0.897756,0.873437,0.207542,0.61769916,0.526608,1.236269,2.373133,268.9288,IRCUT,,2025-09-02T10:50:24.017803,,0,0,0,0
44,master_tile_044.fits,C:\Users\TRISTAN\Desktop\astrophoto\andromeda\out\4-5-0\zemosaic_temp_master_tiles\master_tile_044.fits,39,0.763044,0.266814,0.763044,0.250244,9.759502,1.464044,-0.516081,-1.370067,0.58111981,0.591535,1.022714,2.374892,268.9797,IRCUT,,2025-11-19T21:29:18.256587,,0,1,1,1
45,master_tile_045.fits,C:\Users\TRISTAN\Desktop\astrophoto\andromeda\out\4-5-0\zemosaic_temp_master_tiles\master_tile_045.fits,86,0.981691,0.347778,0.846389,0.304548,26.191089,0.574702,0.311986,0.482647,0.51556126,0.435855,1.233753,2.375860,269.2512,IRCUT,,2025-09-23T10:17:10.426334,,0,0,0,0
46,master_tile_046.fits,C:\Users\TRISTAN\Desktop\astrophoto\andromeda\out\4-5-0\zemosaic_temp_master_tiles\master_tile_046.fits,60,0.761719,0.317303,0.751835,0.303338,18.200291,0.801151,-0.547006,0.585344,0.62199198,0.546003,1.242968,2.374090,268.1395,IRCUT,,2025-07-04T07:37:50.559985,,0,0,1,0
47,master_tile_047.fits,C:\Users\TRISTAN\Desktop\astrophoto\andromeda\out\4-5-0\zemosaic_temp_master_tiles\master_tile_047.fits,73,0.947373,0.319751,0.947373,0.279276,20.387115,0.898141,0.308354,0.843549,0.51557032,0.537139,1.027889,2.374114,268.4080,IRCUT,,2025-07-04T08:20:47.607561,,0,0,0,0
48,master_tile_048.fits,C:\Users\TRISTAN\Desktop\astrophoto\andromeda\out\4-5-0\zemosaic_temp_master_tiles\master_tile_048.fits,73,0.886031,0.329402,0.783856,0.291072,21.248271,0.579081,0.313553,-0.486847,0.50430426,0.502393,1.014159,2.374199,269.7556,IRCUT,,2025-08-21T09:23:57.088293,,0,0,0,0
49,master_tile_049.fits,C:\Users\TRISTAN\Desktop\astrophoto\andromeda\out\4-5-0\zemosaic_temp_master_tiles\master_tile_049.fits,77,0.999743,0.349812,0.905336,0.305998,23.561844,0.571286,0.539413,-0.188152,0.50746261,0.506452,1.016788,2.374090,269.6660,IRCUT,,2025-08-21T10:18:48.474507,,0,0,0,0
50,master_tile_050.fits,C:\Users\TRISTAN\Desktop\astrophoto\andromeda\out\4-5-0\zemosaic_temp_master_tiles\master_tile_050.fits,55,1.000000,0.398869,0.650998,0.274522,15.098685,0.902351,-0.446292,-0.784258,0.41706352,0.417991,1.016832,2.374074,269.6207,IRCUT,,2025-08-21T10:55:21.537133,,0,0,0,0
51,master_tile_051.fits,C:\Users\TRISTAN\Desktop\astrophoto\andromeda\out\4-5-0\zemosaic_temp_master_tiles\master_tile_051.fits,68,1.000000,0.312683,0.690169,0.232632,15.818978,0.678554,0.616887,-0.282642,0.41998844,0.434573,1.022001,2.373442,268.8274,IRCUT,,2025-08-27T11:41:36.441463,,0,0,0,0
52,master_tile_052.fits,C:\Users\TRISTAN\Desktop\astrophoto\andromeda\out\4-5-0\zemosaic_temp_master_tiles\master_tile_052.fits,56,0.957215,0.304684,0.846929,0.291860,16.344155,0.978919,-0.956033,-0.210437,0.61389026,0.524858,1.237206,2.373423,268.8438,IRCUT,,2025-08-27T10:42:47.716475,,0,0,0,0
53,master_tile_053.fits,C:\Users\TRISTAN\Desktop\astrophoto\andromeda\out\4-5-0\zemosaic_temp_master_tiles\master_tile_053.fits,61,1.000000,0.404892,0.703866,0.287983,17.566947,0.632345,-0.579089,0.254000,0.42345565,0.438036,1.022047,2.373443,268.8653,IRCUT,,2025-08-27T11:26:48.855548,,0,0,0,0
54,master_tile_054.fits,C:\Users\TRISTAN\Desktop\astrophoto\andromeda\out\4-5-0\zemosaic_temp_master_tiles\master_tile_054.fits,78,1.000000,0.304386,0.791952,0.211110,16.466597,0.466302,-0.436534,-0.163937,0.42097926,0.430693,1.020248,2.373929,269.1235,IRCUT,,2025-07-24T09:26:42.175332,,0,0,0,0
55,master_tile_055.fits,C:\Users\TRISTAN\Desktop\astrophoto\andromeda\out\4-5-0\zemosaic_temp_master_tiles\master_tile_055.fits,64,0.914747,0.335663,0.816933,0.319475,20.446370,0.757001,-0.643279,0.399052,0.61959508,0.511030,1.229666,2.373320,269.7209,IRCUT,,2025-08-26T10:45:06.984599,,0,0,0,0
56,master_tile_056.fits,C:\Users\TRISTAN\Desktop\astrophoto\andromeda\out\4-5-0\zemosaic_temp_master_tiles\master_tile_056.fits,77,0.956090,0.344823,0.905336,0.302386,23.283729,0.565182,0.514173,-0.234641,0.50685003,0.505651,1.016424,2.373367,269.6894,IRCUT,,2025-08-26T11:09:44.888419,,0,0,0,0
57,master_tile_057.fits,C:\Users\TRISTAN\Desktop\astrophoto\andromeda\out\4-5-0\zemosaic_temp_master_tiles\master_tile_057.fits,73,1.000000,0.352454,0.815016,0.300511,21.937323,0.877756,0.606703,0.634324,0.51360660,0.511144,1.016041,2.373479,269.7443,IRCUT,,2025-08-26T11:30:46.329667,,0,0,0,0
58,master_tile_058.fits,C:\Users\TRISTAN\Desktop\astrophoto\andromeda\out\4-5-0\zemosaic_temp_master_tiles\master_tile_058.fits,80,0.898363,0.354237,0.819053,0.306664,24.533089,0.809692,0.447566,0.674749,0.51582599,0.511970,1.016949,2.377230,269.8229,IRCUT,,2025-11-18T03:11:42.903693,,0,0,0,0
59,master_tile_059.fits,C:\Users\TRISTAN\Desktop\astrophoto\andromeda\out\4-5-0\zemosaic_temp_master_tiles\master_tile_059.fits,69,0.770911,0.222096,0.770911,0.220203,15.194006,0.794418,-0.268285,0.747745,0.68976366,0.514107,1.358117,2.377690,269.7493,IRCUT,,2025-11-18T03:21:55.624626,,0,0,1,0
60,master_tile_060.fits,C:\Users\TRISTAN\Desktop\astrophoto\andromeda\out\4-5-0\zemosaic_temp_master_tiles\master_tile_060.fits,78,0.907244,0.386592,0.708994,0.324444,25.306645,0.677135,0.561000,0.379197,0.49559384,0.424349,1.186615,2.373494,269.7097,IRCUT,,2025-08-26T11:20:00.273965,,0,0,0,0
61,master_tile_061.fits,C:\Users\TRISTAN\Desktop\astrophoto\andromeda\out\4-5-0\zemosaic_temp_master_tiles\master_tile_061.fits,65,0.901312,0.270147,0.692278,0.260704,16.945761,0.724336,-0.058821,-0.721944,0.64492310,0.506020,1.302599,2.374197,269.5827,IRCUT,,2025-08-21T10:58:10.401824,,0,0,0,0
62,master_tile_062.fits,C:\Users\TRISTAN\Desktop\astrophoto\andromeda\out\4-5-0\zemosaic_temp_master_tiles\master_tile_062.fits,92,0.852861,0.341689,0.850213,0.324734,29.875552,0.463371,0.460627,0.050351,0.59226242,0.521453,1.193344,2.372894,268.9520,IRCUT,,2025-09-02T10:39:40.101390,,0,0,0,0
63,master_tile_063.fits,C:\Users\TRISTAN\Desktop\astrophoto\andromeda\out\4-5-0\zemosaic_temp_master_tiles\master_tile_063.fits,76,0.999949,0.418438,0.768126,0.304179,23.117585,0.707798,0.461390,0.536747,0.42559195,0.425486,1.016410,2.374159,269.6893,IRCUT,,2025-08-21T10:29:21.090248,,0,0,0,0
64,master_tile_064.fits,C:\Users\TRISTAN\Desktop\astrophoto\andromeda\out\4-5-0\zemosaic_temp_master_tiles\master_tile_064.fits,75,1.000000,0.279753,0.768684,0.268499,20.137459,0.680573,0.568027,-0.374866,0.61231063,0.518456,1.235608,2.373451,269.0673,IRCUT,,2025-11-17T18:25:25.050356,,0,0,0,0
65,master_tile_065.fits,C:\Users\TRISTAN\Desktop\astrophoto\andromeda\out\4-5-0\zemosaic_temp_master_tiles\master_tile_065.fits,58,0.848473,0.320040,0.848473,0.311852,18.087437,0.905030,0.797917,0.427093,0.66428070,0.520321,1.319241,2.375774,269.3552,IRCUT,,2025-11-17T21:21:51.418300,,0,0,0,0
66,master_tile_066.fits,C:\Users\TRISTAN\Desktop\astrophoto\andromeda\out\4-5-0\zemosaic_temp_master_tiles\master_tile_066.fits,48,0.922625,0.278743,0.861580,0.262800,12.614418,1.099377,-1.075532,-0.227726,0.58985054,0.506593,1.180699,2.376603,269.6911,IRCUT,,2025-11-18T01:30:35.092234,,0,0,0,0
67,master_tile_067.fits,C:\Users\TRISTAN\Desktop\astrophoto\andromeda\out\4-5-0\zemosaic_temp_master_tiles\master_tile_067.fits,104,0.863424,0.217967,0.735097,0.209061,21.742358,0.061200,0.059326,0.015031,0.61638728,0.521056,1.235232,2.373874,269.1270,IRCUT,,2025-07-24T08:42:37.960488,,0,0,0,0
68,master_tile_068.fits,C:\Users\TRISTAN\Desktop\astrophoto\andromeda\out\4-5-0\zemosaic_temp_master_tiles\master_tile_068.fits,17,0.829049,0.359543,0.829042,0.350893,5.965184,1.316886,1.184800,0.574836,0.62121848,0.528361,1.235928,2.373376,268.9658,IRCUT,,2025-08-27T09:56:41.581919,,0,1,0,1
69,master_tile_069.fits,C:\Users\TRISTAN\Desktop\astrophoto\andromeda\out\4-5-0\zemosaic_temp_master_tiles\master_tile_069.fits,51,0.770819,0.280739,0.731831,0.276481,14.100530,1.017641,-0.696501,0.741943,0.68679413,0.547856,1.366376,2.374044,268.3509,IRCUT,,2025-07-04T08:05:25.696519,,0,0,1,0
70,master_tile_070.fits,C:\Users\TRISTAN\Desktop\astrophoto\andromeda\out\4-5-0\zemosaic_temp_master_tiles\master_tile_070.fits,42,1.000000,0.328842,0.624646,0.235777,9.902629,1.049230,-0.674795,0.803452,0.42741114,0.447716,1.024559,2.374073,268.5544,IRCUT,,2025-07-04T08:33:22.052598,,0,1,0,0
71,master_tile_071.fits,C:\Users\TRISTAN\Desktop\astrophoto\andromeda\out\4-5-0\zemosaic_temp_master_tiles\master_tile_071.fits,83,0.962557,0.343306,0.825762,0.299967,24.897230,0.618728,0.268824,0.557278,0.51299521,0.527620,1.023836,2.373476,268.8052,IRCUT,,2025-08-27T11:47:15.066350,,0,0,0,0
72,master_tile_072.fits,C:\Users\TRISTAN\Desktop\astrophoto\andromeda\out\4-5-0\zemosaic_temp_master_tiles\master_tile_072.fits,64,0.997201,0.351726,0.718718,0.295618,18.919554,0.928691,-0.717147,-0.590056,0.50654931,0.420677,1.230438,2.374244,269.6249,IRCUT,,2025-08-21T10:52:11.833009,,0,0,0,0
73,master_tile_073.fits,C:\Users\TRISTAN\Desktop\astrophoto\andromeda\out\4-5-0\zemosaic_temp_master_tiles\master_tile_073.fits,69,0.947757,0.337111,0.947373,0.293630,20.260446,0.914763,0.330555,0.852951,0.51536103,0.526576,1.022453,2.373277,268.9739,IRCUT,,2025-08-27T09:47:32.944720,,0,0,0,0
74,master_tile_074.fits,C:\Users\TRISTAN\Desktop\astrophoto\andromeda\out\4-5-0\zemosaic_temp_master_tiles\master_tile_074.fits,24,0.929864,0.360811,0.929864,0.352140,8.451360,1.346192,-1.205375,-0.599420,0.61016106,0.521692,1.237167,2.373406,268.8586,IRCUT,,2025-08-27T11:01:48.360244,,0,1,0,1
75,master_tile_075.fits,C:\Users\TRISTAN\Desktop\astrophoto\andromeda\out\4-5-0\zemosaic_temp_master_tiles\master_tile_075.fits,46,0.988913,0.328820,0.699235,0.263449,12.118660,1.055384,0.865694,0.603663,0.49744794,0.443848,1.192566,2.373256,268.8532,IRCUT,,2025-08-27T10:52:38.865374,,0,1,0,0
76,master_tile_076.fits,C:\Users\TRISTAN\Desktop\astrophoto\andromeda\out\4-5-0\zemosaic_temp_master_tiles\master_tile_076.fits,60,0.853934,0.289695,0.826548,0.274441,16.466449,1.074826,-0.912393,-0.568146,0.59052169,0.588564,1.017355,2.373508,269.6635,IRCUT,,2025-08-26T11:49:46.184765,,0,0,0,0
77,master_tile_077.fits,C:\Users\TRISTAN\Desktop\astrophoto\andromeda\out\4-5-0\zemosaic_temp_master_tiles\master_tile_077.fits,52,0.851662,0.207931,0.851662,0.206892,10.758366,1.314213,0.088676,1.311218,0.71203278,0.607147,1.189364,2.376399,269.6686,IRCUT,,2025-11-18T00:41:02.844425,,0,0,0,1
78,master_tile_078.fits,C:\Users\TRISTAN\Desktop\astrophoto\andromeda\out\4-5-0\zemosaic_temp_master_tiles\master_tile_078.fits,83,0.871355,0.271404,0.871355,0.257871,21.403310,0.466366,-0.441525,0.150175,0.61730438,0.522665,1.235703,2.373878,269.0801,IRCUT,,2025-07-24T09:09:47.461600,,0,0,0,0
79,master_tile_079.fits,C:\Users\TRISTAN\Desktop\astrophoto\andromeda\out\4-5-0\zemosaic_temp_master_tiles\master_tile_079.fits,78,0.998276,0.334820,0.914132,0.318089,24.810937,0.682202,-0.639239,-0.238272,0.61346247,0.506170,1.229797,2.373409,269.7418,IRCUT,,2025-08-26T10:52:17.553588,,0,0,0,0
80,master_tile_080.fits,C:\Users\TRISTAN\Desktop\astrophoto\andromeda\out\4-5-0\zemosaic_temp_master_tiles\master_tile_080.fits,73,0.862738,0.255766,0.713523,0.238625,17.419617,0.796516,-0.156570,-0.780977,0.58901957,0.587515,1.018124,2.374199,269.6390,IRCUT,,2025-08-21T10:57:28.226343,,0,0,0,0
81,master_tile_081.fits,C:\Users\TRISTAN\Desktop\astrophoto\andromeda\out\4-5-0\zemosaic_temp_master_tiles\master_tile_081.fits,92,0.871194,0.250927,0.871194,0.246042,22.635906,0.494006,-0.429409,-0.244234,0.68078567,0.573516,1.235878,2.373982,269.1212,IRCUT,,2025-07-24T09:28:14.388070,,0,0,0,0
82,master_tile_082.fits,C:\Users\TRISTAN\Desktop\astrophoto\andromeda\out\4-5-0\zemosaic_temp_master_tiles\master_tile_082.fits,23,0.900316,0.353125,0.870044,0.341624,7.857363,1.238916,1.098325,0.573232,0.62122385,0.530029,1.236535,2.373376,268.8910,IRCUT,,2025-08-27T09:56:41.581919,,0,1,0,1
83,master_tile_083.fits,C:\Users\TRISTAN\Desktop\astrophoto\andromeda\out\4-5-0\zemosaic_temp_master_tiles\master_tile_083.fits,93,0.977880,0.319281,0.792421,0.274423,25.521380,0.254039,0.236086,-0.093803,0.49388261,0.491612,1.015829,2.373294,269.7508,IRCUT,,2025-08-26T10:24:04.639809,,0,0,0,0
84,master_tile_084.fits,C:\Users\TRISTAN\Desktop\astrophoto\andromeda\out\4-5-0\zemosaic_temp_master_tiles\master_tile_084.fits,66,0.966086,0.358553,0.824807,0.274349,18.107034,0.579477,0.217121,-0.537264,0.41910614,0.424048,1.019326,2.375697,269.3738,IRCUT,,2025-09-23T09:01:58.737935,,0,0,0,0
85,master_tile_085.fits,C:\Users\TRISTAN\Desktop\astrophoto\andromeda\out\4-5-0\zemosaic_temp_master_tiles\master_tile_085.fits,60,0.940385,0.267949,0.810580,0.238055,14.283297,0.888749,-0.055613,0.887008,0.51574147,0.522252,1.020229,2.373148,269.2551,IRCUT,,2025-09-02T09:42:50.630907,,0,0,0,0
86,master_tile_086.fits,C:\Users\TRISTAN\Desktop\astrophoto\andromeda\out\4-5-0\zemosaic_temp_master_tiles\master_tile_086.fits,95,0.877702,0.332605,0.873738,0.316630,30.079846,0.396668,0.395977,0.023405,0.59410683,0.508852,1.185390,2.373902,269.6895,IRCUT,,2025-08-21T09:31:19.917167,,0,0,0,0
87,master_tile_087.fits,C:\Users\TRISTAN\Desktop\astrophoto\andromeda\out\4-5-0\zemosaic_temp_master_tiles\master_tile_087.fits,74,1.000000,0.392524,0.713382,0.290611,21.505202,0.578078,0.577815,-0.017445,0.42160343,0.436327,1.021709,2.373477,268.8351,IRCUT,,2025-08-27T11:43:43.350106,,0,0,0,0
88,master_tile_088.fits,C:\Users\TRISTAN\Desktop\astrophoto\andromeda\out\4-5-0\zemosaic_temp_master_tiles\master_tile_088.fits,76,0.895979,0.319850,0.864614,0.316222,24.032871,0.769236,-0.703550,-0.311034,0.69315274,0.592485,1.189029,2.374237,269.6416,IRCUT,,2025-08-21T10:48:40.911018,,0,0,0,0
89,master_tile_089.fits,C:\Users\TRISTAN\Desktop\astrophoto\andromeda\out\4-5-0\zemosaic_temp_master_tiles\master_tile_089.fits,100,0.937233,0.303570,0.814672,0.292960,29.296037,0.276194,0.265604,0.075748,0.61684409,0.514763,1.232426,2.373509,270.5849,IRCUT,,2025-08-22T11:10:31.119690,,0,0,0,0
90,master_tile_090.fits,C:\Users\TRISTAN\Desktop\astrophoto\andromeda\out\4-5-0\zemosaic_temp_master_tiles\master_tile_090.fits,54,0.948095,0.357386,0.747827,0.297709,16.076268,1.111296,-0.604771,-0.932326,0.50145492,0.515487,1.023719,2.373398,268.8069,IRCUT,,2025-08-27T11:56:44.923355,,0,0,0,0
91,master_tile_091.fits,C:\Users\TRISTAN\Desktop\astrophoto\andromeda\out\4-5-0\zemosaic_temp_master_tiles\master_tile_091.fits,59,0.801741,0.261601,0.800655,0.250374,14.772045,1.174021,0.245836,1.147994,0.60505755,0.535550,1.194839,2.373262,268.8402,IRCUT,,2025-08-27T11:08:30.707466,,0,0,0,0
92,master_tile_092.fits,C:\Users\TRISTAN\Desktop\astrophoto\andromeda\out\4-5-0\zemosaic_temp_master_tiles\master_tile_092.fits,68,0.934957,0.292279,0.810342,0.270788,18.413610,0.838827,-0.312806,-0.778321,0.58739413,0.504077,1.188089,2.373369,269.5960,IRCUT,,2025-08-26T12:00:02.305688,,0,0,0,0
93,master_tile_093.fits,C:\Users\TRISTAN\Desktop\astrophoto\andromeda\out\4-5-0\zemosaic_temp_master_tiles\master_tile_093.fits,65,0.795061,0.316684,0.793431,0.279432,18.163100,0.916054,0.165974,0.900892,0.51583492,0.533988,1.025780,2.373359,268.5972,IRCUT,,2025-09-02T12:11:16.660336,,0,0,0,0
94,master_tile_094.fits,C:\Users\TRISTAN\Desktop\astrophoto\andromeda\out\4-5-0\zemosaic_temp_master_tiles\master_tile_094.fits,101,0.817288,0.271345,0.778123,0.257422,25.999635,0.179906,0.171151,0.055440,0.58935861,0.519039,1.193469,2.373367,269.0494,IRCUT,,2025-09-02T10:30:04.847751,,0,0,0,0
95,master_tile_095.fits,C:\Users\TRISTAN\Desktop\astrophoto\andromeda\out\4-5-0\zemosaic_temp_master_tiles\master_tile_095.fits,56,0.857274,0.312783,0.849798,0.291467,16.322146,1.086688,-0.363854,-1.023964,0.58678058,0.502270,1.189293,2.376378,269.6243,IRCUT,,2025-11-18T00:35:25.917543,,0,0,0,0
96,master_tile_096.fits,C:\Users\TRISTAN\Desktop\astrophoto\andromeda\out\4-5-0\zemosaic_temp_master_tiles\master_tile_096.fits,88,0.897310,0.301961,0.897310,0.289248,25.453809,0.677346,0.244984,0.631490,0.60152366,0.599024,1.016997,2.373586,269.7017,IRCUT,,2025-08-26T11:35:54.638579,,0,0,0,0
97,master_tile_097.fits,C:\Users\TRISTAN\Desktop\astrophoto\andromeda\out\4-5-0\zemosaic_temp_master_tiles\master_tile_097.fits,19,0.775689,0.314610,0.680510,0.305573,5.805880,1.375411,-1.340831,-0.306477,0.61085434,0.515533,1.230087,2.373003,269.2241,IRCUT,,2025-09-02T09:43:14.176273,,0,1,1,1
98,master_tile_098.fits,C:\Users\TRISTAN\Desktop\astrophoto\andromeda\out\4-5-0\zemosaic_temp_master_tiles\master_tile_098.fits,57,0.952838,0.369454,0.681833,0.269819,15.379704,0.613375,-0.417141,0.449692,0.42549078,0.427150,1.017888,2.375530,269.5558,IRCUT,,2025-09-23T07:29:30.591797,,0,0,0,0
99,master_tile_099.fits,C:\Users\TRISTAN\Desktop\astrophoto\andromeda\out\4-5-0\zemosaic_temp_master_tiles\master_tile_099.fits,60,0.909246,0.341191,0.858875,0.325588,19.535255,1.031308,-0.643233,-0.806132,0.60835826,0.504073,1.230674,2.373336,269.6149,IRCUT,,2025-08-26T11:54:54.473907,,0,0,0,0
100,master_tile_100.fits,C:\Users\TRISTAN\Desktop\astrophoto\andromeda\out\4-5-0\zemosaic_temp_master_tiles\master_tile_100.fits,91,0.922756,0.348063,0.859903,0.331036,30.124266,0.559704,0.468369,0.306429,0.59752840,0.544598,1.200969,2.374312,268.0786,IRCUT,,2025-07-04T07:23:31.905935,,0,0,0,0
101,master_tile_101.fits,C:\Users\TRISTAN\Desktop\astrophoto\andromeda\out\4-5-0\zemosaic_temp_master_tiles\master_tile_101.fits,68,0.769989,0.255391,0.769989,0.253550,17.241368,0.759931,-0.381781,0.657068,0.69585424,0.608329,1.179702,2.373074,269.2690,IRCUT,,2025-09-02T09:32:08.367161,,0,0,1,0
102,master_tile_102.fits,C:\Users\TRISTAN\Desktop\astrophoto\andromeda\out\4-5-0\zemosaic_temp_master_tiles\master_tile_102.fits,85,0.988469,0.371646,0.818967,0.322669,27.426826,0.542020,0.529676,0.115018,0.50955980,0.508217,1.016574,2.373421,269.7086,IRCUT,,2025-08-26T11:11:17.176290,,0,0,0,0
103,master_tile_103.fits,C:\Users\TRISTAN\Desktop\astrophoto\andromeda\out\4-5-0\zemosaic_temp_master_tiles\master_tile_103.fits,85,0.910300,0.298370,0.897310,0.284545,24.186366,0.712902,0.214416,0.679893,0.59293982,0.621064,1.026665,2.374228,268.1369,IRCUT,,2025-07-04T07:29:07.055616,,0,0,0,0
104,master_tile_104.fits,C:\Users\TRISTAN\Desktop\astrophoto\andromeda\out\4-5-0\zemosaic_temp_master_tiles\master_tile_104.fits,63,0.859358,0.320475,0.829509,0.269086,16.952441,0.932570,-0.884012,-0.297000,0.50633427,0.512158,1.019985,2.373182,269.2805,IRCUT,,2025-09-02T09:33:09.839692,,0,0,0,0
105,master_tile_105.fits,C:\Users\TRISTAN\Desktop\astrophoto\andromeda\out\4-5-0\zemosaic_temp_master_tiles\master_tile_105.fits,63,0.855979,0.322279,0.829509,0.262691,16.549510,0.915681,-0.864829,-0.300902,0.49067620,0.438429,1.192615,2.373239,268.8422,IRCUT,,2025-08-27T11:53:56.306751,,0,0,0,0
106,master_tile_106.fits,C:\Users\TRISTAN\Desktop\astrophoto\andromeda\out\4-5-0\zemosaic_temp_master_tiles\master_tile_106.fits,68,0.964102,0.348550,0.787651,0.292909,19.917792,0.693384,-0.640969,0.264461,0.51292219,0.436336,1.233571,2.373859,269.1337,IRCUT,,2025-10-13T05:37:02.779401,,0,0,0,0
107,master_tile_107.fits,C:\Users\TRISTAN\Desktop\astrophoto\andromeda\out\4-5-0\zemosaic_temp_master_tiles\master_tile_107.fits,63,1.000000,0.374543,0.708985,0.267593,16.858340,0.819226,0.722517,0.386136,0.42375601,0.423626,1.013033,2.376638,269.7338,IRCUT,,2025-11-18T01:44:22.557837,,0,0,0,0
108,master_tile_108.fits,C:\Users\TRISTAN\Desktop\astrophoto\andromeda\out\4-5-0\zemosaic_temp_master_tiles\master_tile_108.fits,66,1.000000,0.301855,0.828699,0.257226,16.976934,0.621054,0.010311,-0.620968,0.49428524,0.513642,1.001784,2.375348,269.0497,IRCUT,,2025-09-24T07:14:16.922487,,0,0,0,0
109,master_tile_109.fits,C:\Users\TRISTAN\Desktop\astrophoto\andromeda\out\4-5-0\zemosaic_temp_master_tiles\master_tile_109.fits,43,1.000000,0.195190,0.799026,0.182405,7.843406,1.165970,-0.919359,0.717122,0.62419137,0.527247,1.236181,2.376195,269.1059,IRCUT,,2025-11-11T05:32:12.504733,,0,1,0,0
110,master_tile_110.fits,C:\Users\TRISTAN\Desktop\astrophoto\andromeda\out\4-5-0\zemosaic_temp_master_tiles\master_tile_110.fits,80,0.901015,0.362916,0.816720,0.348929,27.914306,0.753424,0.498999,0.564488,0.62225787,0.527479,1.236751,2.375552,269.0287,IRCUT,,2025-09-24T09:06:36.984655,,0,0,0,0
111,master_tile_111.fits,C:\Users\TRISTAN\Desktop\astrophoto\andromeda\out\4-5-0\zemosaic_temp_master_tiles\master_tile_111.fits,49,0.752330,0.287532,0.718296,0.273037,13.378805,1.152510,-1.039623,-0.497457,0.59127752,0.509596,1.190386,2.376115,269.4653,IRCUT,,2025-11-17T22:45:06.703973,,0,0,1,0
112,master_tile_112.fits,C:\Users\TRISTAN\Desktop\astrophoto\andromeda\out\4-5-0\zemosaic_temp_master_tiles\master_tile_112.fits,77,1.000000,0.341534,0.758922,0.284490,21.905754,0.646574,-0.644277,-0.054456,0.50861287,0.507340,1.017043,2.374048,269.6804,IRCUT,,2025-08-21T10:01:55.724493,,0,0,0,0
113,master_tile_113.fits,C:\Users\TRISTAN\Desktop\astrophoto\andromeda\out\4-5-0\zemosaic_temp_master_tiles\master_tile_113.fits,58,0.826548,0.292185,0.826548,0.281040,16.300328,1.075173,-0.897505,-0.592015,0.61008715,0.521683,1.236981,2.373275,268.8539,IRCUT,,2025-09-02T11:23:26.761755,,0,0,0,0
114,master_tile_114.fits,C:\Users\TRISTAN\Desktop\astrophoto\andromeda\out\4-5-0\zemosaic_temp_master_tiles\master_tile_114.fits,76,0.969603,0.341783,0.914132,0.318542,24.209227,0.694516,-0.627792,-0.297033,0.59157761,0.523753,1.194614,2.373268,268.8353,IRCUT,,2025-08-27T11:29:59.917462,,0,0,0,0
115,master_tile_115.fits,C:\Users\TRISTAN\Desktop\astrophoto\andromeda\out\4-5-0\zemosaic_temp_master_tiles\master_tile_115.fits,80,0.902147,0.292474,0.791952,0.236901,18.952083,0.434668,-0.434482,-0.012702,0.49306732,0.421783,1.186821,2.373997,269.7358,IRCUT,,2025-08-21T09:14:06.511490,,0,0,0,0
116,master_tile_116.fits,C:\Users\TRISTAN\Desktop\astrophoto\andromeda\out\4-5-0\zemosaic_temp_master_tiles\master_tile_116.fits,64,0.934009,0.265268,0.824591,0.240089,15.365718,0.777906,-0.092384,0.772401,0.53211257,0.512819,1.048078,2.377712,269.7673,IRCUT,,2025-11-18T03:23:58.283122,,0,0,0,0
117,master_tile_117.fits,C:\Users\TRISTAN\Desktop\astrophoto\andromeda\out\4-5-0\zemosaic_temp_master_tiles\master_tile_117.fits,88,0.859652,0.337127,0.765835,0.318796,28.054034,0.627946,0.569025,0.265568,0.59403366,0.604058,1.023777,2.373228,269.0029,IRCUT,,2025-08-27T09:22:12.342484,,0,0,0,0
118,master_tile_118.fits,C:\Users\TRISTAN\Desktop\astrophoto\andromeda\out\4-5-0\zemosaic_temp_master_tiles\master_tile_118.fits,38,0.873966,0.267036,0.807016,0.255782,9.719704,1.203115,0.986423,0.688807,0.62430395,0.513868,1.231661,2.376772,269.6973,IRCUT,,2025-11-18T02:07:21.759858,,0,1,0,0
119,master_tile_119.fits,C:\Users\TRISTAN\Desktop\astrophoto\andromeda\out\4-5-0\zemosaic_temp_master_tiles\master_tile_119.fits,57,0.794818,0.307465,0.779175,0.267144,15.227190,0.975206,0.087178,0.971301,0.50568282,0.512663,1.002529,2.376399,269.6221,IRCUT,,2025-11-18T00:28:47.491756,,0,0,0,0
120,master_tile_120.fits,C:\Users\TRISTAN\Desktop\astrophoto\andromeda\out\4-5-0\zemosaic_temp_master_tiles\master_tile_120.fits,35,0.910237,0.289311,0.763044,0.236235,8.268236,1.498682,-0.605248,-1.371029,0.48714818,0.500482,1.019400,2.374792,268.9311,IRCUT,,2025-11-19T21:23:21.279605,,0,1,0,1
121,master_tile_121.fits,C:\Users\TRISTAN\Desktop\astrophoto\andromeda\out\4-5-0\zemosaic_temp_master_tiles\master_tile_121.fits,83,0.954775,0.334520,0.855696,0.294717,24.461526,0.384925,0.259337,-0.284449,0.50639696,0.520954,1.023941,2.373051,268.7813,IRCUT,,2025-09-02T11:42:49.624607,,0,0,0,0
122,master_tile_122.fits,C:\Users\TRISTAN\Desktop\astrophoto\andromeda\out\4-5-0\zemosaic_temp_master_tiles\master_tile_122.fits,74,0.954850,0.390219,0.821530,0.327439,24.230507,0.808694,0.495662,0.638988,0.49817729,0.447897,1.193800,2.373422,268.6815,IRCUT,,2025-09-02T11:59:48.981783,,0,0,0,0
123,master_tile_123.fits,C:\Users\TRISTAN\Desktop\astrophoto\andromeda\out\4-5-0\zemosaic_temp_master_tiles\master_tile_123.fits,71,0.927653,0.300304,0.788508,0.287769,20.431575,1.017671,0.462679,0.906412,0.62429980,0.526277,1.233926,2.372966,269.2007,IRCUT,,2025-09-02T09:41:17.979674,,0,0,0,0
124,master_tile_124.fits,C:\Users\TRISTAN\Desktop\astrophoto\andromeda\out\4-5-0\zemosaic_temp_master_tiles\master_tile_124.fits,32,0.929904,0.295781,0.929864,0.287904,9.212923,1.314946,-1.170676,-0.598832,0.61013532,0.516559,1.235063,2.373003,269.0944,IRCUT,,2025-09-02T10:17:12.333271,,0,1,0,1
125,master_tile_125.fits,C:\Users\TRISTAN\Desktop\astrophoto\andromeda\out\4-5-0\zemosaic_temp_master_tiles\master_tile_125.fits,63,0.824591,0.240748,0.824591,0.232027,14.617673,0.897981,-0.085984,0.893855,0.60272102,0.533765,1.194791,2.373406,268.8339,IRCUT,,2025-08-27T10:57:55.903913,,0,0,0,0
126,master_tile_126.fits,C:\Users\TRISTAN\Desktop\astrophoto\andromeda\out\4-5-0\zemosaic_temp_master_tiles\master_tile_126.fits,66,0.965494,0.356126,0.828465,0.333063,21.982144,0.863848,-0.615764,-0.605862,0.58911259,0.518564,1.193277,2.373208,268.9777,IRCUT,,2025-08-27T09:09:32.213074,,0,0,0,0
127,master_tile_127.fits,C:\Users\TRISTAN\Desktop\astrophoto\andromeda\out\4-5-0\zemosaic_temp_master_tiles\master_tile_127.fits,88,0.805702,0.327695,0.805702,0.324871,28.588689,0.543395,0.536076,0.088884,0.71413077,0.530738,1.432398,2.373154,268.9048,IRCUT,,2025-08-27T10:29:46.828365,,0,0,0,0
128,master_tile_128.fits,C:\Users\TRISTAN\Desktop\astrophoto\andromeda\out\4-5-0\zemosaic_temp_master_tiles\master_tile_128.fits,65,0.905248,0.284123,0.904772,0.279096,18.141230,0.932912,-0.286810,-0.887731,0.68645678,0.603074,1.196043,2.373588,268.8501,IRCUT,,2025-08-27T11:58:51.496436,,0,0,0,0
129,master_tile_129.fits,C:\Users\TRISTAN\Desktop\astrophoto\andromeda\out\4-5-0\zemosaic_temp_master_tiles\master_tile_129.fits,70,0.923201,0.256347,0.717429,0.185694,12.998612,0.630186,-0.191866,0.600268,0.41145109,0.518470,0.818456,2.375887,269.1922,IRCUT,,2025-11-17T20:27:11.379412,,0,0,0,0
130,master_tile_130.fits,C:\Users\TRISTAN\Desktop\astrophoto\andromeda\out\4-5-0\zemosaic_temp_master_tiles\master_tile_130.fits,27,0.827246,0.320563,0.827246,0.314872,8.501539,1.222657,1.048243,0.629345,0.67609593,0.526171,1.341095,2.373477,269.1737,IRCUT,,2025-09-02T09:47:40.268981,,0,1,0,1
131,master_tile_131.fits,C:\Users\TRISTAN\Desktop\astrophoto\andromeda\out\4-5-0\zemosaic_temp_master_tiles\master_tile_131.fits,60,0.911059,0.317276,0.848473,0.304100,18.246018,0.844347,0.796739,0.279514,0.61864769,0.521065,1.233695,2.372980,269.2330,IRCUT,,2025-09-02T09:37:12.440445,,0,0,0,0
132,master_tile_132.fits,C:\Users\TRISTAN\Desktop\astrophoto\andromeda\out\4-5-0\zemosaic_temp_master_tiles\master_tile_132.fits,72,0.836633,0.309906,0.793431,0.273984,19.726841,0.778195,0.128824,0.767458,0.51689448,0.603317,0.873808,2.376020,269.4724,IRCUT,,2025-11-17T22:35:24.482258,,0,0,0,0
133,master_tile_133.fits,C:\Users\TRISTAN\Desktop\astrophoto\andromeda\out\4-5-0\zemosaic_temp_master_tiles\master_tile_133.fits,76,0.912520,0.313123,0.912520,0.311881,23.702919,0.674153,-0.670763,0.067523,0.72171794,0.603150,1.234544,2.373172,269.2784,IRCUT,,2025-09-02T09:23:00.417537,,0,0,0,0
134,master_tile_134.fits,C:\Users\TRISTAN\Desktop\astrophoto\andromeda\out\4-5-0\zemosaic_temp_master_tiles\master_tile_134.fits,86,0.967358,0.343336,0.818967,0.326100,28.044617,0.557289,0.552735,0.071098,0.59479174,0.525088,1.193997,2.373342,268.9210,IRCUT,,2025-09-02T11:16:12.987952,,0,0,0,0
135,master_tile_135.fits,C:\Users\TRISTAN\Desktop\astrophoto\andromeda\out\4-5-0\zemosaic_temp_master_tiles\master_tile_135.fits,65,0.904772,0.297913,0.904772,0.292772,19.030203,0.915765,-0.327469,-0.855213,0.68681745,0.606952,1.198577,2.373318,268.6750,IRCUT,,2025-09-02T12:06:23.144130,,0,0,0,0
136,master_tile_136.fits,C:\Users\TRISTAN\Desktop\astrophoto\andromeda\out\4-5-0\zemosaic_temp_master_tiles\master_tile_136.fits,56,0.762005,0.222474,0.702807,0.212201,11.883276,1.031611,-0.212218,1.009547,0.59187526,0.518093,1.162930,2.376347,269.6248,IRCUT,,2025-11-18T00:31:51.341284,,0,0,1,0
137,master_tile_137.fits,C:\Users\TRISTAN\Desktop\astrophoto\andromeda\out\4-5-0\zemosaic_temp_master_tiles\master_tile_137.fits,86,0.659791,0.206503,0.659791,0.205884,17.706015,0.590004,-0.109724,0.579711,0.72801571,0.614690,1.238791,2.375572,268.9713,IRCUT,,2025-09-24T08:39:47.522428,,0,0,1,0
138,master_tile_138.fits,C:\Users\TRISTAN\Desktop\astrophoto\andromeda\out\4-5-0\zemosaic_temp_master_tiles\master_tile_138.fits,52,0.955880,0.269625,0.954927,0.256466,13.336236,1.240951,-0.305452,-1.202771,0.60461251,0.516678,1.236993,2.373262,268.8534,IRCUT,,2025-08-27T11:04:59.205895,,0,0,0,1
139,master_tile_139.fits,C:\Users\TRISTAN\Desktop\astrophoto\andromeda\out\4-5-0\zemosaic_temp_master_tiles\master_tile_139.fits,53,0.859930,0.255204,0.800655,0.245021,12.986102,1.238189,0.172113,1.226168,0.60587834,0.535316,1.194188,2.373325,268.8511,IRCUT,,2025-09-02T11:00:45.865714,,0,0,0,1
140,master_tile_140.fits,C:\Users\TRISTAN\Desktop\astrophoto\andromeda\out\4-5-0\zemosaic_temp_master_tiles\master_tile_140.fits,103,0.814672,0.288993,0.814672,0.286572,29.516938,0.290387,0.290387,0.000000,0.70964370,0.599057,1.236756,2.373193,269.0318,IRCUT,,2025-08-27T08:57:55.746488,,0,0,0,0
141,master_tile_141.fits,C:\Users\TRISTAN\Desktop\astrophoto\andromeda\out\4-5-0\zemosaic_temp_master_tiles\master_tile_141.fits,71,0.788508,0.259730,0.788508,0.257149,18.257560,1.090790,0.442122,0.997171,0.73446814,0.603402,1.231554,2.376585,269.7455,IRCUT,,2025-11-18T01:48:58.530633,,0,0,0,0
142,master_tile_142.fits,C:\Users\TRISTAN\Desktop\astrophoto\andromeda\out\4-5-0\zemosaic_temp_master_tiles\master_tile_142.fits,95,0.802182,0.293465,0.794764,0.288540,27.411343,0.386780,0.307964,-0.234002,0.67596197,0.564237,1.233614,2.373574,270.6355,IRCUT,,2025-08-22T11:07:21.097962,,0,0,0,0
143,master_tile_143.fits,C:\Users\TRISTAN\Desktop\astrophoto\andromeda\out\4-5-0\zemosaic_temp_master_tiles\master_tile_143.fits,83,0.959113,0.330620,0.855696,0.306873,25.470481,0.395592,0.265357,-0.293392,0.56013252,0.478663,1.187244,2.373978,269.7259,IRCUT,,2025-08-21T08:49:09.185595,,0,0,0,0
144,master_tile_144.fits,C:\Users\TRISTAN\Desktop\astrophoto\andromeda\out\4-5-0\zemosaic_temp_master_tiles\master_tile_144.fits,56,0.846929,0.282140,0.846929,0.279498,15.651869,1.023122,-1.002956,-0.202132,0.69382982,0.603296,1.192048,2.375719,269.1661,IRCUT,,2025-11-17T19:35:36.273906,,0,0,0,0
145,master_tile_145.fits,C:\Users\TRISTAN\Desktop\astrophoto\andromeda\out\4-5-0\zemosaic_temp_master_tiles\master_tile_145.fits,81,0.818502,0.218430,0.629611,0.179817,14.565147,0.226679,-0.131049,-0.184958,0.49251800,0.427734,1.190138,2.375899,269.4016,IRCUT,,2025-11-17T21:53:31.517392,,0,0,0,0
146,master_tile_146.fits,C:\Users\TRISTAN\Desktop\astrophoto\andromeda\out\4-5-0\zemosaic_temp_master_tiles\master_tile_146.fits,63,0.970703,0.253837,0.832695,0.211326,13.313568,0.806183,-0.211639,0.777908,0.47901815,0.474847,1.045242,2.375750,269.2426,IRCUT,,2025-11-17T21:03:27.560706,,0,0,0,0
147,master_tile_147.fits,C:\Users\TRISTAN\Desktop\astrophoto\andromeda\out\4-5-0\zemosaic_temp_master_tiles\master_tile_147.fits,23,0.770780,0.327347,0.770780,0.327275,7.527329,1.376348,-1.269914,-0.530709,0.71676195,0.600096,1.236917,2.375711,269.2121,IRCUT,,2025-11-17T19:57:03.404323,,0,1,1,1
148,master_tile_148.fits,C:\Users\TRISTAN\Desktop\astrophoto\andromeda\out\4-5-0\zemosaic_temp_master_tiles\master_tile_148.fits,49,0.936359,0.323977,0.849798,0.281669,13.801783,1.196302,-0.367239,-1.138541,0.53253602,0.501821,1.082022,2.376055,269.5667,IRCUT,,2025-11-17T23:08:05.729827,,0,0,0,0
149,master_tile_149.fits,C:\Users\TRISTAN\Desktop\astrophoto\andromeda\out\4-5-0\zemosaic_temp_master_tiles\master_tile_149.fits,60,0.959916,0.342562,0.833589,0.318993,19.139567,0.804110,-0.717090,0.363834,0.59759194,0.520317,1.190518,2.373229,269.2520,IRCUT,,2025-09-02T09:22:24.461693,,0,0,0,0
150,master_tile_150.fits,C:\Users\TRISTAN\Desktop\astrophoto\andromeda\out\4-5-0\zemosaic_temp_master_tiles\master_tile_150.fits,91,0.862385,0.222678,0.680546,0.211636,19.258834,0.263260,-0.015210,-0.262820,0.61366075,0.513699,1.232631,2.373116,269.3566,IRCUT,,2025-09-02T09:16:48.262940,,0,0,0,0
151,master_tile_151.fits,C:\Users\TRISTAN\Desktop\astrophoto\andromeda\out\4-5-0\zemosaic_temp_master_tiles\master_tile_151.fits,70,0.843938,0.306730,0.754448,0.293830,20.568065,0.626007,-0.491181,0.388106,0.62489807,0.525534,1.235459,2.375661,269.2108,IRCUT,,2025-11-17T20:28:43.357601,,0,0,0,0
152,master_tile_152.fits,C:\Users\TRISTAN\Desktop\astrophoto\andromeda\out\4-5-0\zemosaic_temp_master_tiles\master_tile_152.fits,82,0.856411,0.323274,0.823056,0.302090,24.771362,0.633069,0.221405,0.593090,0.57264495,0.522987,1.200045,2.374026,268.0937,IRCUT,,2025-07-04T07:28:04.153494,,0,0,0,0
153,master_tile_153.fits,C:\Users\TRISTAN\Desktop\astrophoto\andromeda\out\4-5-0\zemosaic_temp_master_tiles\master_tile_153.fits,80,0.864614,0.313443,0.864614,0.311736,24.938873,0.708208,-0.666341,-0.239890,0.71829803,0.609197,1.238753,2.373106,268.8551,IRCUT,,2025-09-02T11:11:02.043146,,0,0,0,0
154,master_tile_154.fits,C:\Users\TRISTAN\Desktop\astrophoto\andromeda\out\4-5-0\zemosaic_temp_master_tiles\master_tile_154.fits,55,0.963202,0.316009,0.824695,0.301048,16.557625,1.040640,0.786998,0.680857,0.62362579,0.524969,1.235372,2.375723,269.1885,IRCUT,,2025-11-17T19:49:54.346423,,0,0,0,0
155,master_tile_155.fits,C:\Users\TRISTAN\Desktop\astrophoto\andromeda\out\4-5-0\zemosaic_temp_master_tiles\master_tile_155.fits,110,0.836679,0.207630,0.835460,0.206181,22.679932,0.195142,0.061701,0.185131,0.72399097,0.597439,1.233055,2.376424,269.6102,IRCUT,,2025-11-18T00:51:15.619298,,0,0,0,0
156,master_tile_156.fits,C:\Users\TRISTAN\Desktop\astrophoto\andromeda\out\4-5-0\zemosaic_temp_master_tiles\master_tile_156.fits,87,0.795368,0.285062,0.673686,0.243599,21.193122,0.470172,0.143389,0.447773,0.49735011,0.431554,1.190011,2.375934,269.4178,IRCUT,,2025-11-17T22:03:13.873981,,0,0,0,0
157,master_tile_157.fits,C:\Users\TRISTAN\Desktop\astrophoto\andromeda\out\4-5-0\zemosaic_temp_master_tiles\master_tile_157.fits,83,0.761972,0.305447,0.721222,0.299785,24.882126,0.843338,0.392087,0.746650,0.67885686,0.521806,1.340824,2.376032,269.4171,IRCUT,,2025-11-17T22:33:21.852398,,0,0,1,0
158,master_tile_158.fits,C:\Users\TRISTAN\Desktop\astrophoto\andromeda\out\4-5-0\zemosaic_temp_master_tiles\master_tile_158.fits,71,0.867224,0.294507,0.810342,0.280789,19.936027,0.743244,-0.324224,-0.668798,0.62448659,0.592329,1.078498,2.375684,269.4517,IRCUT,,2025-09-23T08:20:18.444962,,0,0,0,0
159,master_tile_159.fits,C:\Users\TRISTAN\Desktop\astrophoto\andromeda\out\4-5-0\zemosaic_temp_master_tiles\master_tile_159.fits,78,0.973643,0.347479,0.830944,0.333366,26.002533,0.788683,0.581009,0.533339,0.62192214,0.525802,1.236079,2.375122,269.0977,IRCUT,,2025-11-20T19:29:10.527187,,0,0,0,0
160,master_tile_160.fits,C:\Users\TRISTAN\Desktop\astrophoto\andromeda\out\4-5-0\zemosaic_temp_master_tiles\master_tile_160.fits,55,0.974942,0.336360,0.858875,0.320918,17.650477,1.118591,-0.681976,-0.886653,0.60760604,0.520661,1.236825,2.373132,268.8105,IRCUT,,2025-09-02T11:24:36.385520,,0,0,0,0
161,master_tile_161.fits,C:\Users\TRISTAN\Desktop\astrophoto\andromeda\out\4-5-0\zemosaic_temp_master_tiles\master_tile_161.fits,81,0.924277,0.363385,0.783024,0.303148,24.555011,0.479582,0.445086,-0.178596,0.47711332,0.421053,1.150762,2.376549,269.7126,IRCUT,,2025-11-18T01:14:45.197677,,0,0,0,0
162,master_tile_162.fits,C:\Users\TRISTAN\Desktop\astrophoto\andromeda\out\4-5-0\zemosaic_temp_master_tiles\master_tile_162.fits,62,0.840436,0.289962,0.840436,0.289059,17.921646,0.860853,-0.743437,0.434015,0.72778188,0.611897,1.237806,2.375611,269.1011,IRCUT,,2025-11-17T18:56:47.383800,,0,0,0,0
163,master_tile_163.fits,C:\Users\TRISTAN\Desktop\astrophoto\andromeda\out\4-5-0\zemosaic_temp_master_tiles\master_tile_163.fits,63,1.000000,0.383564,0.824807,0.274762,17.310008,0.599979,0.262752,-0.539385,0.39068030,0.423650,0.936255,2.376121,269.6718,IRCUT,,2025-11-17T23:52:00.880080,,0,0,0,0
164,master_tile_164.fits,C:\Users\TRISTAN\Desktop\astrophoto\andromeda\out\4-5-0\zemosaic_temp_master_tiles\master_tile_164.fits,50,0.966001,0.230857,0.851662,0.224201,11.210072,1.292256,0.098794,1.288474,0.62775393,0.531025,1.232033,2.375710,269.1594,IRCUT,,2025-11-17T20:05:44.343760,,0,0,0,1
165,master_tile_165.fits,C:\Users\TRISTAN\Desktop\astrophoto\andromeda\out\4-5-0\zemosaic_temp_master_tiles\master_tile_165.fits,56,0.895629,0.333161,0.761540,0.286139,16.023797,0.825332,-0.496804,0.659058,0.51591933,0.511882,1.017822,2.377881,269.7659,IRCUT,,2025-11-18T03:28:34.107314,,0,0,0,0
166,master_tile_166.fits,C:\Users\TRISTAN\Desktop\astrophoto\andromeda\out\4-5-0\zemosaic_temp_master_tiles\master_tile_166.fits,73,0.898418,0.330500,0.766986,0.309176,22.569833,0.780113,-0.753324,-0.202678,0.59388823,0.509947,1.189609,2.376217,269.5544,IRCUT,,2025-11-17T23:41:48.122309,,0,0,0,0
167,master_tile_167.fits,C:\Users\TRISTAN\Desktop\astrophoto\andromeda\out\4-5-0\zemosaic_temp_master_tiles\master_tile_167.fits,86,0.981141,0.325461,0.731512,0.250011,21.500971,0.303651,0.216828,-0.212579,0.42927633,0.368603,1.233932,2.375635,269.0970,IRCUT,,2025-11-17T18:45:33.110275,,0,0,0,0
168,master_tile_168.fits,C:\Users\TRISTAN\Desktop\astrophoto\andromeda\out\4-5-0\zemosaic_temp_master_tiles\master_tile_168.fits,78,0.930310,0.302502,0.871355,0.277058,21.610529,0.503250,-0.484805,0.134999,0.57818440,0.478219,1.232131,2.376355,269.6259,IRCUT,,2025-11-18T00:45:38.585701,,0,0,0,0
169,master_tile_169.fits,C:\Users\TRISTAN\Desktop\astrophoto\andromeda\out\4-5-0\zemosaic_temp_master_tiles\master_tile_169.fits,95,0.854317,0.315883,0.854317,0.312216,29.660507,0.633651,0.455899,0.440079,0.70072755,0.597863,1.187506,2.374154,269.7163,IRCUT,,2025-08-21T09:45:02.794112,,0,0,0,0
170,master_tile_170.fits,C:\Users\TRISTAN\Desktop\astrophoto\andromeda\out\4-5-0\zemosaic_temp_master_tiles\master_tile_170.fits,68,0.895878,0.317305,0.825957,0.298427,20.293038,0.828917,0.746069,0.361226,0.59769393,0.520941,1.190712,2.372753,269.2277,IRCUT,,2025-09-02T09:37:47.222669,,0,0,0,0
171,master_tile_171.fits,C:\Users\TRISTAN\Desktop\astrophoto\andromeda\out\4-5-0\zemosaic_temp_master_tiles\master_tile_171.fits,61,0.840690,0.316141,0.805635,0.297018,18.118093,1.060941,-0.730422,-0.769467,0.58881965,0.511096,1.191887,2.375897,269.2947,IRCUT,,2025-11-17T21:13:10.144417,,0,0,0,0
172,master_tile_172.fits,C:\Users\TRISTAN\Desktop\astrophoto\andromeda\out\4-5-0\zemosaic_temp_master_tiles\master_tile_172.fits,77,0.945227,0.292514,0.797815,0.276090,21.258908,0.669732,-0.442230,-0.502965,0.61123400,0.505178,1.229301,2.375502,269.6871,IRCUT,,2025-09-23T06:27:47.870822,,0,0,0,0
173,master_tile_173.fits,C:\Users\TRISTAN\Desktop\astrophoto\andromeda\out\4-5-0\zemosaic_temp_master_tiles\master_tile_173.fits,90,0.933624,0.342994,0.859903,0.333239,29.991484,0.605088,0.449814,0.404721,0.64120396,0.534368,1.281450,2.373042,268.6563,IRCUT,,2025-09-02T11:58:15.696510,,0,0,0,0
174,master_tile_174.fits,C:\Users\TRISTAN\Desktop\astrophoto\andromeda\out\4-5-0\zemosaic_temp_master_tiles\master_tile_174.fits,89,0.890198,0.270093,0.871194,0.263525,23.453704,0.514339,-0.473417,-0.201051,0.66625228,0.517925,1.342689,2.375716,269.1889,IRCUT,,2025-11-17T20:11:21.346096,,0,0,0,0
175,master_tile_175.fits,C:\Users\TRISTAN\Desktop\astrophoto\andromeda\out\4-5-0\zemosaic_temp_master_tiles\master_tile_175.fits,66,0.866627,0.248726,0.713523,0.203677,13.442687,0.942444,-0.152417,-0.930037,0.48495987,0.509778,0.986657,2.375649,269.1410,IRCUT,,2025-11-17T19:44:17.295913,,0,0,0,0
176,master_tile_176.fits,C:\Users\TRISTAN\Desktop\astrophoto\andromeda\out\4-5-0\zemosaic_temp_master_tiles\master_tile_176.fits,54,0.954927,0.272809,0.954927,0.259459,14.010787,1.208797,-0.314253,-1.167234,0.60521615,0.511949,1.233840,2.372977,269.0998,IRCUT,,2025-09-02T10:18:00.540554,,0,0,0,0
177,master_tile_177.fits,C:\Users\TRISTAN\Desktop\astrophoto\andromeda\out\4-5-0\zemosaic_temp_master_tiles\master_tile_177.fits,97,0.873738,0.329071,0.873738,0.313548,30.414157,0.431862,0.405870,0.147562,0.59680248,0.522270,1.193467,2.375613,269.0831,IRCUT,,2025-11-17T19:22:19.516553,,0,0,0,0
178,master_tile_178.fits,C:\Users\TRISTAN\Desktop\astrophoto\andromeda\out\4-5-0\zemosaic_temp_master_tiles\master_tile_178.fits,67,0.879429,0.305865,0.820317,0.295070,19.769680,0.899456,-0.394740,-0.808209,0.64065245,0.593763,1.109493,2.375803,269.3266,IRCUT,,2025-11-17T21:15:12.977961,,0,0,0,0
179,master_tile_179.fits,C:\Users\TRISTAN\Desktop\astrophoto\andromeda\out\4-5-0\zemosaic_temp_master_tiles\master_tile_179.fits,63,0.824695,0.280755,0.824695,0.277366,17.474029,1.018546,0.794761,0.637017,0.72836337,0.622336,1.240836,2.373570,268.6407,IRCUT,,2025-09-02T12:09:30.507803,,0,0,0,0
180,master_tile_180.fits,C:\Users\TRISTAN\Desktop\astrophoto\andromeda\out\4-5-0\zemosaic_temp_master_tiles\master_tile_180.fits,90,0.846389,0.317913,0.846389,0.303443,27.309882,0.551032,0.271698,0.479392,0.59797792,0.503705,1.235735,2.375810,269.2106,IRCUT,,2025-09-23T10:19:20.843321,,0,0,0,0
181,master_tile_181.fits,C:\Users\TRISTAN\Desktop\astrophoto\andromeda\out\4-5-0\zemosaic_temp_master_tiles\master_tile_181.fits,63,0.901097,0.305423,0.769989,0.286536,18.051737,0.720024,-0.438458,0.571130,0.59460844,0.521528,1.165250,2.375641,269.5294,IRCUT,,2025-09-23T07:24:47.796943,,0,0,0,0
182,master_tile_182.fits,C:\Users\TRISTAN\Desktop\astrophoto\andromeda\out\4-5-0\zemosaic_temp_master_tiles\master_tile_182.fits,82,0.797815,0.264079,0.797815,0.261553,21.447386,0.676212,-0.408056,-0.539215,0.72417147,0.535452,1.428242,2.373092,268.9752,IRCUT,,2025-09-02T10:37:10.500436,,0,0,0,0
183,master_tile_183.fits,C:\Users\TRISTAN\Desktop\astrophoto\andromeda\out\4-5-0\zemosaic_temp_master_tiles\master_tile_183.fits,87,0.990565,0.216691,0.812792,0.214647,18.674316,0.478536,-0.073435,-0.472868,0.78001712,0.591429,1.338322,2.376107,269.6754,IRCUT,,2025-07-24T08:32:42.046130,,0,0,0,0
184,master_tile_184.fits,C:\Users\TRISTAN\Desktop\astrophoto\andromeda\out\4-5-0\zemosaic_temp_master_tiles\master_tile_184.fits,81,0.867274,0.318645,0.830944,0.315360,25.544195,0.819546,0.592335,0.566387,0.72872577,0.613430,1.237837,2.375581,269.0594,IRCUT,,2025-09-24T09:03:52.732929,,0,0,0,0
185,master_tile_185.fits,C:\Users\TRISTAN\Desktop\astrophoto\andromeda\out\4-5-0\zemosaic_temp_master_tiles\master_tile_185.fits,48,0.799026,0.193415,0.799026,0.193415,9.283921,1.139270,-0.907562,0.688670,0.78118990,0.615428,1.323004,2.376213,269.0765,IRCUT,,2025-11-11T05:17:51.485539,,0,0,0,0
186,master_tile_186.fits,C:\Users\TRISTAN\Desktop\astrophoto\andromeda\out\4-5-0\zemosaic_temp_master_tiles\master_tile_186.fits,64,0.908074,0.307729,0.832057,0.282454,18.077049,0.747255,0.312944,-0.678569,0.53991031,0.509261,1.074925,2.375610,269.6963,IRCUT,,2025-09-23T06:52:48.479660,,0,0,0,0
187,master_tile_187.fits,C:\Users\TRISTAN\Desktop\astrophoto\andromeda\out\4-5-0\zemosaic_temp_master_tiles\master_tile_187.fits,104,0.812792,0.179823,0.812792,0.179823,18.701611,0.533111,-0.061555,-0.529546,0.95062143,0.690999,1.435170,2.375432,269.0436,IRCUT,,2025-09-24T07:18:02.760089,,0,0,0,0
188,master_tile_188.fits,C:\Users\TRISTAN\Desktop\astrophoto\andromeda\out\4-5-0\zemosaic_temp_master_tiles\master_tile_188.fits,75,0.829528,0.240298,0.768684,0.238493,17.886996,0.763646,0.541009,-0.538947,0.70960470,0.521613,1.432798,2.375409,269.0333,IRCUT,,2025-09-24T07:37:05.671031,,0,0,0,0
189,master_tile_189.fits,C:\Users\TRISTAN\Desktop\astrophoto\andromeda\out\4-5-0\zemosaic_temp_master_tiles\master_tile_189.fits,74,0.744144,0.306609,0.744144,0.306447,22.677113,0.861007,-0.676146,-0.533067,0.77793983,0.589173,1.336308,2.376403,269.7521,IRCUT,,2025-07-24T07:54:20.682677,,0,0,1,0
190,master_tile_190.fits,C:\Users\TRISTAN\Desktop\astrophoto\andromeda\out\4-5-0\zemosaic_temp_master_tiles\master_tile_190.fits,59,0.845547,0.316777,0.840436,0.315717,18.627331,0.844453,-0.679829,0.500932,0.72338326,0.612787,1.230082,2.375315,269.0638,IRCUT,,2025-09-24T08:29:29.999821,,0,0,0,0
191,master_tile_191.fits,C:\Users\TRISTAN\Desktop\astrophoto\andromeda\out\4-5-0\zemosaic_temp_master_tiles\master_tile_191.fits,109,0.835460,0.189759,0.835460,0.188579,20.555104,0.267825,0.000000,0.267825,0.72504707,0.614975,1.239565,2.375416,268.8476,IRCUT,,2025-11-20T23:31:36.245544,,0,0,0,0
192,master_tile_192.fits,C:\Users\TRISTAN\Desktop\astrophoto\andromeda\out\4-5-0\zemosaic_temp_master_tiles\master_tile_192.fits,57,0.751664,0.283187,0.751664,0.283168,16.140575,1.209610,-0.659204,-1.014203,0.78809200,0.577067,1.431516,2.375188,269.0514,IRCUT,,2025-11-20T20:57:52.841913,,0,0,1,1
193,master_tile_193.fits,C:\Users\TRISTAN\Desktop\astrophoto\andromeda\out\4-5-0\zemosaic_temp_master_tiles\master_tile_193.fits,50,0.897104,0.250701,0.720296,0.213642,10.682076,1.051292,0.049887,-1.050108,0.48694151,0.441800,1.160063,2.374067,269.0016,IRCUT,,2025-11-17T21:53:55.469073,,0,0,0,0
194,master_tile_194.fits,C:\Users\TRISTAN\Desktop\astrophoto\andromeda\out\4-5-0\zemosaic_temp_master_tiles\master_tile_194.fits,84,0.744264,0.255313,0.744264,0.254930,21.414140,0.650233,0.577863,-0.298122,0.82270637,0.603092,1.427168,2.373483,269.1141,IRCUT,,2025-11-17T22:24:51.333779,,0,0,1,0
195,master_tile_195.fits,C:\Users\TRISTAN\Desktop\astrophoto\andromeda\out\4-5-0\zemosaic_temp_master_tiles\master_tile_195.fits,79,0.645235,0.237101,0.645235,0.237101,18.730986,1.045905,0.629111,0.835545,0.97949572,0.704909,1.447155,2.375317,269.0729,IRCUT,,2025-11-18T23:05:47.154269,,0,0,1,0
196,master_tile_196.fits,C:\Users\TRISTAN\Desktop\astrophoto\andromeda\out\4-5-0\zemosaic_temp_master_tiles\master_tile_196.fits,60,0.972081,0.353016,0.833589,0.327466,19.647945,0.768750,-0.666024,0.383911,0.59290099,0.605007,1.010706,2.374912,269.2049,IRCUT,,2025-11-18T20:11:37.016360,,0,0,0,0
